,user_id,artist,popularity,acousticness,danceability,energy,instrumentalness,loudness,speechiness,tempo
0,yojam4kpfre3ozvia2n73cduw,J. Cole,58,0.705,0.0805,0.816,0.0,-7.046,0.32,94.211
1,yojam4kpfre3ozvia2n73cduw,J. Cole,65,0.679,0.145,0.648,0.0,-5.892,0.445,94.378
2,yojam4kpfre3ozvia2n73cduw,J. Cole,70,0.823,0.21,0.783,0.0,-6.274,0.154,141.882
3,yojam4kpfre3ozvia2n73cduw,J. Cole,81,0.837,0.149,0.364,0.0,-11.713,0.276,123.984
4,yojam4kpfre3ozvia2n73cduw,Bas,70,0.755,0.241,0.594,0.0,-5.906,0.216,178.929
5,yojam4kpfre3ozvia2n73cduw,Larry Lovestein & The Velvet Revival,44,0.516,0.813,0.331,0.000396,-12.591,0.058,149.74
6,yojam4kpfre3ozvia2n73cduw,Jaden,65,0.727,0.131,0.867,0.000135,-5.682,0.0319,123.009
7,yojam4kpfre3ozvia2n73cduw,Kevin Abstract,48,0.571,0.808,0.553,0.0684,-9.249,0.0502,103.952
8,yojam4kpfre3ozvia2n73cduw,ASTN,49,0.466,0.524,0.413,0.0,-11.772,0.445,172.941
9,yojam4kpfre3ozvia2n73cduw,Paul McCartney,68,0.715,0.627,0.374,0.0,-6.665,0.0399,89.982
10,yojam4kpfre3ozvia2n73cduw,khai dreams,0,0.75,0.696,0.244,0.0,-18.624,0.0501,94.318
11,yojam4kpfre3ozvia2n73cduw,khai dreams,0,0.739,0.826,0.158,0.588,-18.86,0.0386,92.554
12,yojam4kpfre3ozvia2n73cduw,khai dreams,0,0.7,0.818,0.374,0.0,-13.278,0.0687,88.028
13,yojam4kpfre3ozvia2n73cduw,khai dreams,3,0.771,0.334,0.607,0.0,-12.02,0.113,90.035
14,yojam4kpfre3ozvia2n73cduw,khai dreams,0,0.802,0.159,0.312,0.226,-17.272,0.0389,106.676
15,yojam4kpfre3ozvia2n73cduw,khai dreams,0,0.871,0.51,0.676,3.4e-06,-5.572,0.147,125.07
16,yojam4kpfre3ozvia2n73cduw,khai dreams,0,0.734,0.896,0.222,0.0,-17.287,0.229,106.946
17,yojam4kpfre3ozvia2n73cduw,khai dreams,0,0.852,0.383,0.424,0.0,-9.308,0.0463,94.934
18,yojam4kpfre3ozvia2n73cduw,khai dreams,3,0.771,0.334,0.607,0.0,-12.02,0.113,90.035
19,yojam4kpfre3ozvia2n73cduw,khai dreams,0,0.774,0.545,0.281,0.0249,-12.527,0.0404,140.086
20,yojam4kpfre3ozvia2n73cduw,khai dreams,75,0.766,0.595,0.354,0.0,-9.486,0.0543,153.902
21,yojam4kpfre3ozvia2n73cduw,khai dreams,68,0.771,0.336,0.607,0.0,-12.02,0.113,90.039
22,yojam4kpfre3ozvia2n73cduw,khai dreams,67,0.851,0.383,0.424,0.0,-9.307,0.0463,94.927
23,yojam4kpfre3ozvia2n73cduw,khai dreams,64,0.521,0.739,0.268,0.177,-15.199,0.0407,119.879
24,yojam4kpfre3ozvia2n73cduw,khai dreams,62,0.511,0.918,0.235,0.0,-13.345,0.127,117.769
25,yojam4kpfre3ozvia2n73cduw,Mac Miller,72,0.861,0.627,0.33,1.93e-06,-7.194,0.0526,95.016
26,yojam4kpfre3ozvia2n73cduw,Chris Wright,51,0.693,0.946,0.403,5.07e-06,-8.773,0.191,115.621
27,yojam4kpfre3ozvia2n73cduw,Ant Saunders,58,0.816,0.464,0.401,0.0,-8.041,0.22,129.041
28,yojam4kpfre3ozvia2n73cduw,khai dreams,3,0.771,0.334,0.607,0.0,-12.02,0.113,90.035
29,yojam4kpfre3ozvia2n73cduw,Rook1e,49,0.601,0.478,0.565,0.0,-6.46,0.174,75.377
30,yojam4kpfre3ozvia2n73cduw,Rook1e,49,0.601,0.478,0.565,0.0,-6.46,0.174,75.377
31,yojam4kpfre3ozvia2n73cduw,Awon,52,0.649,0.744,0.648,0.0,-7.275,0.343,93.294
32,yojam4kpfre3ozvia2n73cduw,Guru,0,0.737,0.0786,0.577,0.0,-8.714,0.301,96.058
33,yojam4kpfre3ozvia2n73cduw,Kenji,0,0.744,0.488,0.824,0.0,-7.801,0.414,90.696
34,yojam4kpfre3ozvia2n73cduw,Souls Of Mischief,36,0.817,0.0487,0.688,0.00848,-5.408,0.243,92.988
35,yojam4kpfre3ozvia2n73cduw,Grand Puba,0,0.702,0.0895,0.619,0.0,-8.332,0.222,168.926
36,yojam4kpfre3ozvia2n73cduw,Jalen Tyree,23,0.63,0.652,0.26,0.00391,-18.87,0.28,82.994
37,yojam4kpfre3ozvia2n73cduw,Masked Man,32,0.577,0.505,0.739,2.54e-06,-6.038,0.303,82.463
38,yojam4kpfre3ozvia2n73cduw,Scuare,31,0.623,0.13,0.593,0.000208,-9.946,0.349,127.843
39,yojam4kpfre3ozvia2n73cduw,Jim Swim,24,0.697,0.121,0.445,1.65e-06,-11.882,0.0871,139.037
40,yojam4kpfre3ozvia2n73cduw,Eliy Orcko,15,0.871,0.218,0.689,0.0,-8.715,0.24,108.575
41,yojam4kpfre3ozvia2n73cduw,SadBoyProlific,60,0.862,0.502,0.357,4.78e-05,-20.128,0.306,140.026
42,yojam4kpfre3ozvia2n73cduw,love-sadKID,0,0.691,0.122,0.798,0.0,-5.836,0.375,87.166
43,yojam4kpfre3ozvia2n73cduw,Mike Sb,3,0.515,0.0561,0.686,0.0,-9.363,0.418,88.08
44,yojam4kpfre3ozvia2n73cduw,!Mc'Lain!,13,0.938,0.136,0.51,9.53e-06,-10.67,0.0635,119.979
45,yojam4kpfre3ozvia2n73cduw,Granata,34,0.789,0.282,0.505,6.71e-05,-6.802,0.18,84.244
46,yojam4kpfre3ozvia2n73cduw,Rex Orange County,77,0.756,0.217,0.609,0.00474,-7.927,0.0544,117.023
47,yojam4kpfre3ozvia2n73cduw,Rex Orange County,80,0.575,0.395,0.714,0.0,-5.247,0.0596,144.982
48,yojam4kpfre3ozvia2n73cduw,Rex Orange County,79,0.384,0.646,0.765,0.00352,-4.463,0.0579,129.903
49,yojam4kpfre3ozvia2n73cduw,Rex Orange County,73,0.608,0.653,0.305,0.0,-14.037,0.053,113.818
50,yojam4kpfre3ozvia2n73cduw,Rex Orange County,70,0.399,0.734,0.235,1.56e-06,-9.774,0.0334,105.645
51,yojam4kpfre3ozvia2n73cduw,love-sadKID,50,0.798,0.358,0.419,0.0,-11.337,0.0416,114.981
52,yojam4kpfre3ozvia2n73cduw,Various Artists,59,0.735,0.687,0.389,3.25e-06,-12.291,0.354,73.831
53,yojam4kpfre3ozvia2n73cduw,love-sadKID,51,0.68,0.682,0.444,0.0,-11.122,0.544,69.904
54,yojam4kpfre3ozvia2n73cduw,love-sadKID,53,0.65,0.859,0.625,0.0,-8.17,0.465,83.368
55,yojam4kpfre3ozvia2n73cduw,love-sadKID,48,0.685,0.123,0.685,5.44e-05,-5.719,0.13,83.005
56,yojam4kpfre3ozvia2n73cduw,Samsa,10,0.7,0.622,0.607,0.0,-11.644,0.25,83.47
57,yojam4kpfre3ozvia2n73cduw,Samsa,7,0.768,0.301,0.678,0.0,-10.336,0.374,119.919
58,yojam4kpfre3ozvia2n73cduw,Samsa,18,0.526,0.712,0.525,0.000148,-12.345,0.26,73.731
59,yojam4kpfre3ozvia2n73cduw,Samsa,16,0.674,0.653,0.61,0.0,-13.865,0.388,86.065
60,yojam4kpfre3ozvia2n73cduw,Samsa,16,0.479,0.302,0.784,0.0,-8.464,0.493,179.382
61,yojam4kpfre3ozvia2n73cduw,Khary,24,0.658,0.153,0.638,0.0,-10.178,0.801,97.379
62,yojam4kpfre3ozvia2n73cduw,Khary,16,0.662,0.716,0.483,1.75e-06,-12.54,0.262,128.041
63,yojam4kpfre3ozvia2n73cduw,Khary,30,0.536,0.149,0.717,0.0,-8.1,0.424,140.221
64,yojam4kpfre3ozvia2n73cduw,Khary,37,0.653,0.309,0.65,0.0,-9.595,0.0761,148.094
65,yojam4kpfre3ozvia2n73cduw,Khary,36,0.783,0.307,0.606,0.0,-7.59,0.359,134.969
66,yojam4kpfre3ozvia2n73cduw,Rex Orange County,62,0.739,0.598,0.441,0.0,-7.654,0.0604,124.081
67,yojam4kpfre3ozvia2n73cduw,"Tyler, The Creator",73,0.559,0.79,0.578,0.000522,-9.54,0.151,79.938
68,yojam4kpfre3ozvia2n73cduw,Rex Orange County,79,0.379,0.707,0.219,0.000691,-11.196,0.0307,79.786
69,yojam4kpfre3ozvia2n73cduw,Rex Orange County,62,0.696,0.383,0.677,0.000273,-7.812,0.0369,150.034
70,yojam4kpfre3ozvia2n73cduw,Rex Orange County,58,0.487,0.301,0.909,2.9e-05,-4.091,0.102,187.783
71,yojam4kpfre3ozvia2n73cduw,Abhi The Nomad,21,0.734,0.636,0.384,2.98e-06,-11.564,0.393,76.086
72,yojam4kpfre3ozvia2n73cduw,Abhi The Nomad,29,0.687,0.899,0.187,0.00011,-11.369,0.088,144.082
73,yojam4kpfre3ozvia2n73cduw,Abhi The Nomad,22,0.778,0.675,0.384,0.0,-8.735,0.294,87.978
74,yojam4kpfre3ozvia2n73cduw,Abhi The Nomad,21,0.819,0.864,0.271,0.0,-8.655,0.0637,108.837
75,yojam4kpfre3ozvia2n73cduw,Abhi The Nomad,19,0.697,0.777,0.37,0.0,-8.604,0.273,88.433
76,yojam4kpfre3ozvia2n73cduw,The Walters,69,0.578,0.65,0.669,0.0,-4.898,0.0377,75.995
77,yojam4kpfre3ozvia2n73cduw,Clairo,78,0.93,0.593,0.611,0.00124,-4.406,0.0415,112.127
78,yojam4kpfre3ozvia2n73cduw,Conan Gray,63,0.606,0.872,0.478,2.02e-05,-6.035,0.0276,77.086
79,yojam4kpfre3ozvia2n73cduw,boy pablo,66,0.431,0.0249,0.663,0.0397,-10.066,0.0351,203.908
80,yojam4kpfre3ozvia2n73cduw,boy pablo,58,0.415,0.022,0.504,3.84e-06,-10.003,0.0318,165.86
81,yojam4kpfre3ozvia2n73cduw,Rejjie Snow,57,0.834,0.0553,0.591,0.0,-7.543,0.305,104.944
82,yojam4kpfre3ozvia2n73cduw,Tierra Whack,62,0.826,0.849,0.365,3.8e-06,-7.024,0.0412,85.244
83,yojam4kpfre3ozvia2n73cduw,Free Nationals,66,0.469,0.518,0.771,0.000197,-7.071,0.338,88.968
84,yojam4kpfre3ozvia2n73cduw,KAYTRANADA,65,0.742,0.148,0.645,2.86e-05,-10.248,0.386,112.402
85,yojam4kpfre3ozvia2n73cduw,GoldLink,64,0.926,0.0471,0.68,0.000125,-7.689,0.196,114.981
86,yojam4kpfre3ozvia2n73cduw,Official HIGE DANdism,35,0.54,0.0171,0.706,0.0,-5.235,0.0543,172.021
87,yojam4kpfre3ozvia2n73cduw,Official HIGE DANdism,41,0.541,0.0442,0.8,0.0,-3.687,0.0382,129.939
88,yojam4kpfre3ozvia2n73cduw,ONE OK ROCK,64,0.615,0.0178,0.841,0.0,-5.352,0.0416,126.026
89,yojam4kpfre3ozvia2n73cduw,ONE OK ROCK,62,0.36,8.83e-05,0.983,0.0,-2.352,0.101,182.058
90,yojam4kpfre3ozvia2n73cduw,Shiro Sagisu,0,0.646,0.0339,0.676,1.99e-06,-9.477,0.0431,128.128
91,yojam4kpfre3ozvia2n73cduw,Bruno Major,55,0.801,0.422,0.388,0.00532,-9.737,0.205,155.021
92,yojam4kpfre3ozvia2n73cduw,Bruno Major,75,0.772,0.491,0.256,0.00612,-8.545,0.0481,118.902
93,yojam4kpfre3ozvia2n73cduw,Bruno Major,69,0.555,0.931,0.27,0.536,-15.892,0.0884,139.691
94,yojam4kpfre3ozvia2n73cduw,SG Lewis,49,0.471,0.102,0.567,0.0,-7.599,0.572,205.005
95,yojam4kpfre3ozvia2n73cduw,Scary Pockets,45,0.681,0.103,0.454,5.53e-06,-9.097,0.0564,60.955
96,yojam4kpfre3ozvia2n73cduw,Frank Ocean,72,0.721,0.409,0.339,0.00153,-11.195,0.0532,129.83
97,yojam4kpfre3ozvia2n73cduw,Frank Ocean,72,0.913,0.0272,0.603,0.000503,-4.892,0.226,123.061
98,yojam4kpfre3ozvia2n73cduw,Calvin Harris,74,0.736,0.498,0.795,1.21e-06,-3.299,0.0545,104.066
99,yojam4kpfre3ozvia2n73cduw,Frank Ocean,77,0.861,0.594,0.647,0.661,-7.425,0.0675,158.037
100,yojam4kpfre3ozvia2n73cduw,Frank Ocean,78,0.567,0.782,0.388,0.000309,-9.579,0.0384,116.362
101,yojam4kpfre3ozvia2n73cduw,Swae Lee,55,0.904,0.00119,0.492,0.364,-9.657,0.155,149.982
102,yojam4kpfre3ozvia2n73cduw,Swae Lee,69,0.915,0.0824,0.588,0.000169,-6.302,0.0677,123.936
103,yojam4kpfre3ozvia2n73cduw,Swae Lee,63,0.542,0.176,0.434,0.0,-11.17,0.0645,120.046
104,yojam4kpfre3ozvia2n73cduw,Kane Brown,81,0.727,0.0469,0.626,2.58e-05,-8.415,0.0726,86.97
105,yojam4kpfre3ozvia2n73cduw,Swae Lee,54,0.775,0.352,0.492,0.000159,-8.769,0.109,99.933
106,yojam4kpfre3ozvia2n73cduw,J. Cole,67,0.732,0.0819,0.663,0.0,-7.616,0.192,139.964
107,yojam4kpfre3ozvia2n73cduw,J. Cole,69,0.61,0.0398,0.569,0.0,-9.447,0.345,81.409
108,yojam4kpfre3ozvia2n73cduw,J. Cole,68,0.586,0.723,0.512,0.0002,-8.819,0.0668,75.857
109,yojam4kpfre3ozvia2n73cduw,J. Cole,81,0.837,0.149,0.364,0.0,-11.713,0.276,123.984
110,yojam4kpfre3ozvia2n73cduw,J. Cole,70,0.823,0.21,0.783,0.0,-6.274,0.154,141.882
111,yojam4kpfre3ozvia2n73cduw,Bryson Tiller,63,0.498,0.321,0.705,0.000441,-8.088,0.392,156.519
112,yojam4kpfre3ozvia2n73cduw,Bryson Tiller,77,0.765,0.223,0.356,0.0,-5.556,0.195,96.991
113,yojam4kpfre3ozvia2n73cduw,Summer Walker,75,0.726,0.603,0.408,0.0,-6.606,0.0614,115.918
114,yojam4kpfre3ozvia2n73cduw,H.E.R.,73,0.45,0.649,0.352,3.8e-06,-11.733,0.267,102.679
115,yojam4kpfre3ozvia2n73cduw,DJ Khaled,74,0.671,0.0329,0.672,0.0,-3.094,0.0688,97.979
116,yojam4kpfre3ozvia2n73cduw,BROCKHAMPTON,78,0.453,0.449,0.538,0.0,-8.212,0.0638,122.973
117,yojam4kpfre3ozvia2n73cduw,BROCKHAMPTON,72,0.595,0.462,0.657,0.000597,-6.498,0.183,156.093
118,yojam4kpfre3ozvia2n73cduw,BROCKHAMPTON,75,0.784,0.0818,0.539,0.0,-8.938,0.274,149.059
119,yojam4kpfre3ozvia2n73cduw,BROCKHAMPTON,70,0.782,0.0391,0.497,0.0,-5.415,0.286,77.488
120,yojam4kpfre3ozvia2n73cduw,BROCKHAMPTON,68,0.945,0.591,0.702,0.000538,-5.016,0.12,119.887
121,yojam4kpfre3ozvia2n73cduw,Jhené Aiko,61,0.471,0.81,0.411,0.0,-9.5,0.295,89.484
122,yojam4kpfre3ozvia2n73cduw,Jhené Aiko,74,0.741,0.316,0.61,0.0,-7.34,0.0511,125.99
123,yojam4kpfre3ozvia2n73cduw,2 Chainz,73,0.822,0.0312,0.502,0.000887,-7.38,0.148,73.003
124,yojam4kpfre3ozvia2n73cduw,Drake,0,0.738,0.626,0.491,0.0,-9.726,0.413,94.378
125,yojam4kpfre3ozvia2n73cduw,Jhené Aiko,69,0.539,0.253,0.414,1.3e-06,-9.156,0.0601,94.895
126,yojam4kpfre3ozvia2n73cduw,Kendrick Lamar,65,0.566,0.00102,0.724,0.0,-4.574,0.323,81.774
127,yojam4kpfre3ozvia2n73cduw,Kendrick Lamar,80,0.698,0.0605,0.633,0.000194,-4.946,0.0597,96.924
128,yojam4kpfre3ozvia2n73cduw,Jay Rock,0,0.782,0.0355,0.633,0.0,-4.644,0.341,150.055
129,yojam4kpfre3ozvia2n73cduw,Kendrick Lamar,78,0.638,0.00454,0.523,0.0,-6.664,0.357,139.913
130,yojam4kpfre3ozvia2n73cduw,Kendrick Lamar,76,0.716,0.0703,0.531,0.0,-7.355,0.122,71.994
131,yojam4kpfre3ozvia2n73cduw,J Balvin,85,0.503,0.0751,0.548,0.000234,-7.564,0.164,94.036
132,yojam4kpfre3ozvia2n73cduw,Justin Bieber,82,0.595,0.127,0.543,0.0,-8.149,0.038,99.928
133,yojam4kpfre3ozvia2n73cduw,WATTS,74,0.548,0.273,0.35,0.0041,-12.52,0.0579,167.682
134,yojam4kpfre3ozvia2n73cduw,Khalid,65,0.574,0.634,0.37,9.4e-05,-10.803,0.0841,83.162
135,yojam4kpfre3ozvia2n73cduw,Khalid,72,0.442,0.0984,0.585,0.391,-10.332,0.0964,97.565
136,yojam4kpfre3ozvia2n73cduw,Doja Cat,92,0.749,0.208,0.463,0.0371,-8.433,0.0828,90.028
137,yojam4kpfre3ozvia2n73cduw,Omar Apollo,65,0.571,0.3,0.443,6.95e-06,-6.76,0.0451,143.923
138,yojam4kpfre3ozvia2n73cduw,Drake,72,0.582,0.0312,0.677,6.6e-06,-7.081,0.172,193.818
139,yojam4kpfre3ozvia2n73cduw,Kehlani,70,0.574,0.419,0.791,0.0,-3.752,0.11,119.537
140,yojam4kpfre3ozvia2n73cduw,Various Artists,0,0.703,0.565,0.573,3.13e-06,-9.032,0.0724,147.038
141,yojam4kpfre3ozvia2n73cduw,Foggieraw,26,0.702,0.00595,0.466,0.00601,-12.693,0.0378,107.03
142,yojam4kpfre3ozvia2n73cduw,Foggieraw,18,0.468,0.338,0.403,0.0,-12.845,0.548,80.811
143,yojam4kpfre3ozvia2n73cduw,Foggieraw,27,0.7,0.556,0.37,4.49e-05,-12.308,0.184,105.012
144,yojam4kpfre3ozvia2n73cduw,Foggieraw,31,0.826,0.102,0.575,4.42e-05,-7.54,0.229,100.03
145,yojam4kpfre3ozvia2n73cduw,Foggieraw,16,0.429,0.124,0.488,0.0214,-9.373,0.141,73.894
146,yojam4kpfre3ozvia2n73cduw,Xavier Omär,0,0.828,0.632,0.519,0.0,-9.117,0.0536,111.015
147,yojam4kpfre3ozvia2n73cduw,Sango,48,0.377,0.0858,0.334,0.00182,-10.833,0.0757,80.521
148,yojam4kpfre3ozvia2n73cduw,Sango,0,0.626,0.631,0.471,0.00381,-9.976,0.0699,145.019
149,yojam4kpfre3ozvia2n73cduw,Sango,46,0.862,0.665,0.342,8.19e-05,-10.095,0.0551,129.992
150,yojam4kpfre3ozvia2n73cduw,Xavier Omär,0,0.744,0.224,0.472,0.000215,-9.773,0.111,104.058
151,yojam4kpfre3ozvia2n73cduw,Rae Sremmurd,0,0.691,0.104,0.736,0.0,-4.993,0.0321,140.034
152,yojam4kpfre3ozvia2n73cduw,Swae Lee,4,0.849,0.185,0.699,0.00118,-5.193,0.0574,100.989
153,yojam4kpfre3ozvia2n73cduw,BURNS,53,0.714,0.346,0.832,0.0,-4.994,0.139,100.046
154,yojam4kpfre3ozvia2n73cduw,Slim Jxmmi,0,0.98,0.0055,0.713,0.0,-4.98,0.0468,125.03
155,yojam4kpfre3ozvia2n73cduw,Rae Sremmurd,0,0.712,0.0149,0.829,0.0,-4.707,0.141,173.953
156,yojam4kpfre3ozvia2n73cduw,Joji,67,0.484,0.695,0.632,0.0243,-6.917,0.0976,126.384
157,yojam4kpfre3ozvia2n73cduw,Joji,68,0.552,0.387,0.638,0.00014,-7.474,0.11,167.834
158,yojam4kpfre3ozvia2n73cduw,Joji,69,0.48,0.804,0.373,0.067,-9.297,0.0278,114.078
159,yojam4kpfre3ozvia2n73cduw,Joji,67,0.738,0.183,0.533,0.000252,-7.617,0.0492,132.008
160,yojam4kpfre3ozvia2n73cduw,Joji,67,0.781,0.0399,0.613,0.00713,-5.582,0.0524,80.53
161,yojam4kpfre3ozvia2n73cduw,XXXTENTACION,57,0.708,0.772,0.235,0.00238,-16.156,0.318,139.998
162,yojam4kpfre3ozvia2n73cduw,XXXTENTACION,0,0.448,0.47,0.541,0.0,-11.34,0.397,81.92
163,yojam4kpfre3ozvia2n73cduw,XXXTENTACION,86,0.872,0.469,0.391,4.13e-06,-9.144,0.242,134.021
164,yojam4kpfre3ozvia2n73cduw,XXXTENTACION,0,0.421,0.102,0.154,0.00692,-12.405,0.0319,99.886
165,yojam4kpfre3ozvia2n73cduw,XXXTENTACION,60,0.8,0.334,0.526,0.00174,-5.153,0.0716,129.874
166,yojam4kpfre3ozvia2n73cduw,Andy Mineo,41,0.926,0.313,0.661,0.0,-5.688,0.121,129.969
167,yojam4kpfre3ozvia2n73cduw,Andy Mineo,29,0.798,0.00262,0.804,0.0,-5.506,0.107,92.967
168,yojam4kpfre3ozvia2n73cduw,Andy Mineo,30,0.615,0.41,0.684,0.0,-7.205,0.369,136.945
169,yojam4kpfre3ozvia2n73cduw,Andy Mineo,35,0.526,0.324,0.84,0.0,-6.236,0.49,160.196
170,yojam4kpfre3ozvia2n73cduw,Andy Mineo,0,0.89,0.0271,0.454,3.58e-06,-8.777,0.26,140.041
171,yojam4kpfre3ozvia2n73cduw,1K Phew,0,0.853,0.226,0.534,0.00603,-10.562,0.0661,139.941
172,yojam4kpfre3ozvia2n73cduw,KB,0,0.691,0.00795,0.795,0.0,-4.082,0.0972,137.994
173,yojam4kpfre3ozvia2n73cduw,GAWVI,0,0.681,0.321,0.599,0.0,-6.221,0.065,159.924
174,yojam4kpfre3ozvia2n73cduw,Andy Mineo,0,0.541,0.569,0.497,0.0,-7.575,0.12,125.141
175,yojam4kpfre3ozvia2n73cduw,Andy Mineo,0,0.89,0.0271,0.454,3.58e-06,-8.777,0.26,140.041
176,yojam4kpfre3ozvia2n73cduw,Lecrae,0,0.813,0.0125,0.683,0.0,-8.518,0.24,127.993
177,yojam4kpfre3ozvia2n73cduw,Andy Mineo,0,0.732,0.0216,0.905,0.0,-3.9,0.18,140.022
178,yojam4kpfre3ozvia2n73cduw,Lecrae,0,0.879,0.0267,0.584,0.0,-6.696,0.177,139.976
179,yojam4kpfre3ozvia2n73cduw,Andy Mineo,0,0.762,0.0074,0.533,0.00173,-9.154,0.0677,114.971
180,yojam4kpfre3ozvia2n73cduw,Andy Mineo,70,0.889,0.0274,0.453,4.75e-06,-8.782,0.261,140.025
181,yojam4kpfre3ozvia2n73cduw,Lecrae,60,0.736,0.126,0.681,0.0,-5.856,0.101,135.118
182,yojam4kpfre3ozvia2n73cduw,Lecrae,57,0.722,0.199,0.668,0.0,-11.16,0.222,178.069
183,yojam4kpfre3ozvia2n73cduw,Lecrae,59,0.667,0.00254,0.761,0.000793,-9.049,0.153,176.903
184,yojam4kpfre3ozvia2n73cduw,for KING & COUNTRY,60,0.428,0.0132,0.599,0.0,-5.508,0.0586,119.993
185,yojam4kpfre3ozvia2n73cduw,WHATUPRG,47,0.94,0.0152,0.435,1.36e-05,-8.186,0.257,134.029
186,yojam4kpfre3ozvia2n73cduw,WHATUPRG,36,0.544,0.0073,0.74,0.0,-6.37,0.102,135.321
187,yojam4kpfre3ozvia2n73cduw,WHATUPRG,0,0.888,0.0131,0.675,0.00176,-6.483,0.0521,130.045
188,yojam4kpfre3ozvia2n73cduw,1K Phew,42,0.704,0.0284,0.68,0.0,-6.855,0.205,162.029
189,yojam4kpfre3ozvia2n73cduw,Jay-Way,36,0.757,0.129,0.545,0.0,-6.999,0.0979,139.928
190,yojam4kpfre3ozvia2n73cduw,KB,59,0.674,0.187,0.771,0.0,-4.364,0.142,150.896
191,yojam4kpfre3ozvia2n73cduw,KB,57,0.676,0.0152,0.815,4.41e-06,-3.427,0.278,162.054
192,yojam4kpfre3ozvia2n73cduw,KB,51,0.753,0.266,0.654,0.0,-6.989,0.0643,129.92
193,yojam4kpfre3ozvia2n73cduw,KB,55,0.632,0.0941,0.756,0.0,-3.877,0.05,157.999
194,yojam4kpfre3ozvia2n73cduw,KB,49,0.687,0.256,0.7,0.0,-5.691,0.305,129.908
195,yojam4kpfre3ozvia2n73cduw,NF,76,0.793,0.371,0.65,0.0,-3.944,0.397,128.111
196,yojam4kpfre3ozvia2n73cduw,NF,73,0.788,0.599,0.933,0.0,-2.664,0.298,139.016
197,yojam4kpfre3ozvia2n73cduw,NF,78,0.775,0.489,0.757,0.0,-4.607,0.228,140.044
198,yojam4kpfre3ozvia2n73cduw,NF,72,0.528,0.645,0.854,0.0,-3.94,0.532,179.835
199,yojam4kpfre3ozvia2n73cduw,NF,72,0.625,0.0413,0.715,0.0,-4.539,0.0942,84.794
200,yojam4kpfre3ozvia2n73cduw,nobigdyl.,53,0.892,0.0381,0.471,0.0,-9.553,0.122,91.988
201,yojam4kpfre3ozvia2n73cduw,nobigdyl.,50,0.909,0.0207,0.625,0.0,-4.398,0.0648,87.555
202,yojam4kpfre3ozvia2n73cduw,nobigdyl.,43,0.909,0.0776,0.592,0.0,-6.223,0.167,121.067
203,yojam4kpfre3ozvia2n73cduw,nobigdyl.,45,0.895,0.044,0.729,0.0,-6.875,0.203,132.957
204,yojam4kpfre3ozvia2n73cduw,nobigdyl.,20,0.808,0.0382,0.618,0.0,-5.344,0.24,138.525
205,yojam4kpfre3ozvia2n73cduw,Lecrae,41,0.884,0.00526,0.599,0.0,-5.651,0.305,105.136
206,yojam4kpfre3ozvia2n73cduw,Andy Mineo,38,0.619,0.248,0.833,0.0,-7.481,0.375,83.245
207,yojam4kpfre3ozvia2n73cduw,Andy Mineo,49,0.848,0.00558,0.575,0.000485,-8.394,0.113,96.016
208,yojam4kpfre3ozvia2n73cduw,Wande,51,0.891,0.088,0.694,0.0,-4.135,0.237,136.98
209,yojam4kpfre3ozvia2n73cduw,Hulvey,49,0.684,0.573,0.633,0.0,-7.118,0.313,159.934
210,yojam4kpfre3ozvia2n73cduw,Andy Mineo,49,0.746,0.0468,0.799,1.46e-06,-7.337,0.201,149.913
211,yojam4kpfre3ozvia2n73cduw,1K Phew,32,0.704,0.115,0.478,0.0,-9.444,0.119,150.015
212,yojam4kpfre3ozvia2n73cduw,GAWVI,41,0.756,0.0648,0.758,0.0,-5.317,0.149,90.044
213,yojam4kpfre3ozvia2n73cduw,Wande,51,0.891,0.088,0.694,0.0,-4.135,0.237,136.98
214,yojam4kpfre3ozvia2n73cduw,Andy Mineo,38,0.619,0.248,0.833,0.0,-7.481,0.375,83.245
215,yojam4kpfre3ozvia2n73cduw,Hulvey,49,0.684,0.573,0.633,0.0,-7.118,0.313,159.934
216,yojam4kpfre3ozvia2n73cduw,Lecrae,53,0.641,0.00867,0.814,0.0,-3.986,0.042,159.962
217,yojam4kpfre3ozvia2n73cduw,Wande,51,0.891,0.088,0.694,0.0,-4.135,0.237,136.98
218,yojam4kpfre3ozvia2n73cduw,1K Phew,32,0.704,0.115,0.478,0.0,-9.444,0.119,150.015
219,yojam4kpfre3ozvia2n73cduw,Hulvey,53,0.644,0.102,0.615,0.0,-5.455,0.105,147.955
220,yojam4kpfre3ozvia2n73cduw,nobigdyl.,30,0.759,0.0486,0.803,0.0,-6.861,0.534,84.046
221,yojam4kpfre3ozvia2n73cduw,Mogli the Iceburg,15,0.654,0.102,0.705,7.18e-05,-4.318,0.186,174.047
222,yojam4kpfre3ozvia2n73cduw,nobigdyl.,0,0.519,0.077,0.62,0.0,-9.159,0.282,94.057
223,yojam4kpfre3ozvia2n73cduw,WHATUPRG,0,0.853,0.142,0.673,0.0,-8.174,0.219,130.977
224,yojam4kpfre3ozvia2n73cduw,nobigdyl.,0,0.712,0.00111,0.564,0.0247,-4.947,0.0452,142.024
225,yojam4kpfre3ozvia2n73cduw,Electric Light Orchestra,81,0.388,0.652,0.338,3.73e-06,-10.054,0.0329,177.765
226,yojam4kpfre3ozvia2n73cduw,Sweet,57,0.523,0.0308,0.762,0.0,-8.669,0.0346,128.064
227,yojam4kpfre3ozvia2n73cduw,Aliotta Haynes Jeremiah,66,0.434,0.204,0.885,0.0,-7.367,0.0396,93.999
228,yojam4kpfre3ozvia2n73cduw,Fleetwood Mac,81,0.545,0.009,0.67,0.000822,-8.81,0.0496,151.553
229,yojam4kpfre3ozvia2n73cduw,Sam Cooke,68,0.523,0.778,0.402,0.0,-8.233,0.0305,70.863
230,yojam4kpfre3ozvia2n73cduw,Michael Jackson,83,0.92,0.0236,0.654,0.0158,-3.051,0.0401,117.046
231,yojam4kpfre3ozvia2n73cduw,Michael Jackson,76,0.853,0.247,0.981,0.468,-3.947,0.0751,118.193
232,yojam4kpfre3ozvia2n73cduw,Michael Jackson,78,0.779,0.0491,0.867,7.98e-06,-3.704,0.0457,138.858
233,yojam4kpfre3ozvia2n73cduw,Michael Jackson,73,0.877,0.0544,0.854,5.5e-05,-4.523,0.147,114.472
234,yojam4kpfre3ozvia2n73cduw,Michael Jackson,68,0.764,0.0816,0.887,0.00011,-3.726,0.0744,118.427
235,yojam4kpfre3ozvia2n73cduw,Daryl Hall & John Oates,63,0.737,0.261,0.569,0.308,-6.702,0.0552,167.202
236,yojam4kpfre3ozvia2n73cduw,Robbie Dupree,59,0.72,0.142,0.569,0.000188,-11.466,0.0418,122.403
237,yojam4kpfre3ozvia2n73cduw,The Doobie Brothers,71,0.758,0.284,0.378,0.0,-15.308,0.0449,120.736
238,yojam4kpfre3ozvia2n73cduw,TOTO,77,0.473,0.00783,0.898,0.0618,-4.797,0.0561,96.556
239,yojam4kpfre3ozvia2n73cduw,Kenny Loggins,59,0.641,0.254,0.497,2.15e-06,-12.228,0.029,102.274
240,yojam4kpfre3ozvia2n73cduw,Queen,80,0.671,0.429,0.712,0.0,-7.815,0.0476,113.805
241,yojam4kpfre3ozvia2n73cduw,Elton John,0,0.489,0.455,0.927,0.00165,-6.298,0.17,177.354
242,yojam4kpfre3ozvia2n73cduw,U2,0,0.565,0.0139,0.764,0.00488,-9.43,0.0351,100.891
243,yojam4kpfre3ozvia2n73cduw,Tina Turner,75,0.851,0.219,0.406,6.41e-06,-11.631,0.0661,97.84
244,yojam4kpfre3ozvia2n73cduw,a-ha,84,0.573,0.018,0.902,0.00125,-7.638,0.054,84.412
245,yojam4kpfre3ozvia2n73cduw,Felix Trapp,52,0.629,0.994,0.123,0.954,-19.583,0.077,101.034
246,yojam4kpfre3ozvia2n73cduw,Kaspar Mann,43,0.631,0.994,0.183,0.929,-17.128,0.0846,83.481
247,yojam4kpfre3ozvia2n73cduw,Tyler Terrance,52,0.548,0.994,0.0988,0.94,-18.816,0.0714,147.367
248,yojam4kpfre3ozvia2n73cduw,Czarina Frost,51,0.456,0.955,0.112,0.845,-23.175,0.0361,85.122
249,yojam4kpfre3ozvia2n73cduw,Vandenberg,53,0.66,0.94,0.0863,0.92,-19.892,0.0597,131.096
250,yojam4kpfre3ozvia2n73cduw,Jobii,54,0.534,0.519,0.475,0.932,-8.449,0.0763,78.16
251,yojam4kpfre3ozvia2n73cduw,spice rack,53,0.728,0.0875,0.636,0.852,-7.792,0.0606,85.985
252,yojam4kpfre3ozvia2n73cduw,Qblai,52,0.626,0.955,0.25,0.931,-14.546,0.19,180.11
253,yojam4kpfre3ozvia2n73cduw,Billy.B,53,0.669,0.819,0.462,0.887,-7.772,0.0292,79.99
254,yojam4kpfre3ozvia2n73cduw,Fableistic,52,0.747,0.455,0.286,0.00199,-11.588,0.228,80.003
255,yojam4kpfre3ozvia2n73cduw,MICHELLE,58,0.821,0.16,0.444,0.0191,-5.954,0.0796,87.029
256,yojam4kpfre3ozvia2n73cduw,Aldous Harding,45,0.732,0.747,0.408,0.000229,-8.475,0.036,87.015
257,yojam4kpfre3ozvia2n73cduw,Mocky,46,0.763,0.071,0.525,0.0617,-7.62,0.0565,105.584
258,yojam4kpfre3ozvia2n73cduw,Daði Freyr,70,0.871,0.0311,0.341,0.000124,-8.932,0.0576,127.001
259,yojam4kpfre3ozvia2n73cduw,Mathieu Boogaerts,44,0.745,0.372,0.3,0.229,-13.33,0.0652,137.924
260,yojam4kpfre3ozvia2n73cduw,John Williams,54,0.177,0.39,0.295,0.591,-14.581,0.061,83.409
261,yojam4kpfre3ozvia2n73cduw,John Williams,46,0.17,0.927,0.152,0.901,-17.539,0.0364,82.245
262,yojam4kpfre3ozvia2n73cduw,John Williams,59,0.577,0.753,0.379,0.955,-13.82,0.0368,103.112
263,yojam4kpfre3ozvia2n73cduw,John Williams,55,0.234,0.975,0.139,0.889,-16.854,0.0342,102.682
264,yojam4kpfre3ozvia2n73cduw,John Williams,62,0.471,0.733,0.411,0.853,-15.755,0.041,79.986
265,yojam4kpfre3ozvia2n73cduw,Javi Lobe,66,0.481,0.991,0.0639,0.942,-24.46,0.0449,125.058
266,yojam4kpfre3ozvia2n73cduw,Mauvais Roger,67,0.232,0.985,0.0612,0.944,-29.921,0.0395,135.159
267,yojam4kpfre3ozvia2n73cduw,Giacinta Toscano,60,0.342,0.992,0.0314,0.919,-31.943,0.0447,77.602
268,yojam4kpfre3ozvia2n73cduw,Elliott Jacqués,69,0.366,0.992,0.0161,0.951,-27.355,0.0632,49.668
269,yojam4kpfre3ozvia2n73cduw,Kiara Leonard,68,0.418,0.994,0.0602,0.889,-29.449,0.0326,77.979
270,yojam4kpfre3ozvia2n73cduw,Various Artists,0,0.313,0.968,0.124,0.348,-17.325,0.0435,98.967
271,yojam4kpfre3ozvia2n73cduw,Emile Pandolfi,57,0.239,0.981,0.173,0.929,-19.353,0.0362,72.718
272,yojam4kpfre3ozvia2n73cduw,Various Artists,46,0.257,0.907,0.402,0.633,-9.572,0.0324,109.566
273,yojam4kpfre3ozvia2n73cduw,Midnite String Quartet,40,0.197,0.552,0.141,0.944,-17.759,0.0438,87.501
274,yojam4kpfre3ozvia2n73cduw,John Debney,49,0.247,0.953,0.0245,0.97,-27.659,0.0347,36.897
275,yojam4kpfre3ozvia2n73cduw,Richard Walters,48,0.391,0.88,0.221,0.00536,-11.317,0.0287,62.577
276,yojam4kpfre3ozvia2n73cduw,Novo Amor,57,0.367,0.955,0.337,0.117,-9.857,0.0326,181.868
277,yojam4kpfre3ozvia2n73cduw,Luz,51,0.505,0.9,0.122,0.0,-12.599,0.0527,102.607
278,yojam4kpfre3ozvia2n73cduw,Pretty Preachers Club,46,0.615,0.854,0.139,0.000106,-19.592,0.0284,110.971
279,yojam4kpfre3ozvia2n73cduw,Cj Pandit,26,0.564,0.356,0.347,7.61e-05,-12.553,0.028,131.858
280,yojam4kpfre3ozvia2n73cduw,Billie Eilish,72,0.634,0.937,0.285,0.000359,-14.007,0.0807,129.65
281,yojam4kpfre3ozvia2n73cduw,DJ Khaled,0,0.757,0.00196,0.721,0.0,-2.906,0.0691,124.036
282,yojam4kpfre3ozvia2n73cduw,girl in red,31,0.575,0.0718,0.572,0.0,-5.928,0.0635,150.894
283,yojam4kpfre3ozvia2n73cduw,The Kid LAROI,44,0.655,0.173,0.469,0.0,-6.257,0.0292,92.56
284,yojam4kpfre3ozvia2n73cduw,Machine Gun Kelly,65,0.517,0.00581,0.848,0.0,-4.054,0.0521,95.906
285,yojam4kpfre3ozvia2n73cduw,Harry Styles,90,0.548,0.122,0.816,0.0,-4.209,0.0465,95.39
286,yojam4kpfre3ozvia2n73cduw,The Weeknd,95,0.514,0.00146,0.73,9.54e-05,-5.934,0.0598,171.005
287,yojam4kpfre3ozvia2n73cduw,Taylor Swift,82,0.626,0.135,0.79,3.97e-06,-4.302,0.0311,119.082
288,yojam4kpfre3ozvia2n73cduw,Dua Lipa,84,0.794,0.0125,0.793,0.0,-4.521,0.0842,123.941
289,yojam4kpfre3ozvia2n73cduw,Dominic Fike,78,0.815,0.223,0.518,0.0,-6.594,0.0897,151.891
290,yojam4kpfre3ozvia2n73cduw,Usher,0,0.781,0.198,0.745,1.14e-05,-5.81,0.0332,129.998
291,yojam4kpfre3ozvia2n73cduw,Far East Movement,71,0.435,0.00676,0.837,0.0,-8.126,0.449,124.913
292,yojam4kpfre3ozvia2n73cduw,Lady Gaga,0,0.697,0.00305,0.921,3.65e-05,-3.75,0.0391,118.99
293,yojam4kpfre3ozvia2n73cduw,Bruno Mars,82,0.637,0.0151,0.843,0.0,-5.413,0.0432,109.012
294,yojam4kpfre3ozvia2n73cduw,Adele,33,0.559,0.892,0.33,0.0,-8.251,0.0285,135.109
295,yojam4kpfre3ozvia2n73cduw,DJ Khaled,0,0.757,0.00196,0.721,0.0,-2.906,0.0691,124.036
296,yojam4kpfre3ozvia2n73cduw,Young Stoner Life,85,0.887,0.0392,0.485,0.0,-9.358,0.2,125.987
297,yojam4kpfre3ozvia2n73cduw,Polo G,95,0.789,0.41,0.536,0.0,-6.862,0.242,81.039
298,yojam4kpfre3ozvia2n73cduw,DJ Khaled,0,0.877,0.24,0.444,0.0,-7.547,0.172,129.06
299,yojam4kpfre3ozvia2n73cduw,Doja Cat,94,0.762,0.235,0.701,0.000158,-3.541,0.0286,110.968
300,yojam4kpfre3ozvia2n73cduw,SZA,90,0.436,0.499,0.655,8.1e-06,-8.37,0.0583,121.002
301,yojam4kpfre3ozvia2n73cduw,Justin Bieber,100,0.677,0.321,0.696,0.0,-6.181,0.119,90.03
302,yojam4kpfre3ozvia2n73cduw,DJ Khaled,0,0.428,0.0567,0.725,0.0,-6.035,0.188,74.946
303,yojam4kpfre3ozvia2n73cduw,Doja Cat,92,0.749,0.208,0.463,0.0371,-8.433,0.0828,90.028
304,yojam4kpfre3ozvia2n73cduw,Jazmine Sullivan,70,0.729,0.291,0.414,0.0,-6.138,0.0565,85.729
305,yojam4kpfre3ozvia2n73cduw,Ritt Momney,85,0.399,0.0563,0.491,0.00089,-10.778,0.0538,91.066
306,yojam4kpfre3ozvia2n73cduw,Drake,86,0.761,0.244,0.518,3.47e-05,-8.871,0.134,133.976
307,yojam4kpfre3ozvia2n73cduw,Dua Lipa,84,0.794,0.0125,0.793,0.0,-4.521,0.0842,123.941
308,yojam4kpfre3ozvia2n73cduw,Harry Styles,86,0.676,0.0237,0.771,7e-06,-3.675,0.0483,99.048
309,yojam4kpfre3ozvia2n73cduw,Jawsh 685,85,0.767,0.234,0.481,0.0,-8.52,0.0803,150.076
310,yojam4kpfre3ozvia2n73cduw,Lewis Capaldi,79,0.501,0.751,0.405,0.0,-5.679,0.0319,109.891
311,yojam4kpfre3ozvia2n73cduw,Ed Sheeran,86,0.599,0.163,0.448,0.0,-6.312,0.0232,95.05
312,yojam4kpfre3ozvia2n73cduw,Lady Gaga,79,0.575,0.416,0.33,0.0,-6.557,0.031,95.801
313,yojam4kpfre3ozvia2n73cduw,Jason Mraz,82,0.686,0.595,0.457,0.0,-8.322,0.0468,150.953
314,yojam4kpfre3ozvia2n73cduw,Adele,33,0.559,0.892,0.33,0.0,-8.251,0.0285,135.109
315,yojam4kpfre3ozvia2n73cduw,Billie Eilish,72,0.634,0.937,0.285,0.000359,-14.007,0.0807,129.65
316,yojam4kpfre3ozvia2n73cduw,Doja Cat,94,0.762,0.235,0.701,0.000158,-3.541,0.0286,110.968
317,yojam4kpfre3ozvia2n73cduw,Polo G,95,0.789,0.41,0.536,0.0,-6.862,0.242,81.039
318,yojam4kpfre3ozvia2n73cduw,Lil Nas X,97,0.61,0.297,0.508,0.0,-6.682,0.152,178.818
319,yojam4kpfre3ozvia2n73cduw,Justin Bieber,100,0.677,0.321,0.696,0.0,-6.181,0.119,90.03
320,yojam4kpfre3ozvia2n73cduw,Lil Nas X,97,0.61,0.297,0.508,0.0,-6.682,0.152,178.818
321,yojam4kpfre3ozvia2n73cduw,Justin Bieber,100,0.677,0.321,0.696,0.0,-6.181,0.119,90.03
322,yojam4kpfre3ozvia2n73cduw,Billie Eilish,72,0.634,0.937,0.285,0.000359,-14.007,0.0807,129.65
323,yojam4kpfre3ozvia2n73cduw,Doja Cat,94,0.762,0.235,0.701,0.000158,-3.541,0.0286,110.968
324,yojam4kpfre3ozvia2n73cduw,Dua Lipa,89,0.702,0.00883,0.825,0.0,-3.787,0.0601,102.977
325,yojam4kpfre3ozvia2n73cduw,Various Artists,50,0.616,0.201,0.667,0.0,-5.606,0.183,91.008
326,yojam4kpfre3ozvia2n73cduw,Various Artists,44,0.453,0.549,0.384,0.0,-9.074,0.0368,77.052
327,yojam4kpfre3ozvia2n73cduw,Various Artists,48,0.514,0.343,0.774,0.0,-5.569,0.279,116.037
328,yojam4kpfre3ozvia2n73cduw,Various Artists,44,0.221,0.00137,0.95,0.00207,-4.336,0.118,207.185
329,yojam4kpfre3ozvia2n73cduw,Various Artists,50,0.398,0.944,0.255,3.24e-06,-11.205,0.0373,83.883
330,yojam4kpfre3ozvia2n73cduw,Jay & The Americans,68,0.636,0.52,0.684,0.0015,-9.302,0.057,132.509
331,yojam4kpfre3ozvia2n73cduw,Silver,67,0.65,0.353,0.759,0.0,-4.932,0.0355,121.454
332,yojam4kpfre3ozvia2n73cduw,Three Dog Night,66,0.649,0.464,0.679,0.00121,-12.515,0.0316,126.867
333,yojam4kpfre3ozvia2n73cduw,Joe Walsh,0,0.667,0.0429,0.9,0.616,-10.343,0.0469,91.797
334,yojam4kpfre3ozvia2n73cduw,Marvin Gaye,0,0.621,0.355,0.825,0.000932,-6.005,0.0324,129.168
335,yojam4kpfre3ozvia2n73cduw,Various Artists,76,0.323,0.849,0.405,0.000544,-8.533,0.0413,145.104
336,yojam4kpfre3ozvia2n73cduw,Various Artists,74,0.571,0.649,0.307,0.0,-10.958,0.0499,83.72
337,yojam4kpfre3ozvia2n73cduw,Various Artists,69,0.62,0.597,0.496,1.36e-05,-7.509,0.133,126.032
338,yojam4kpfre3ozvia2n73cduw,James Newton Howard,70,0.546,0.477,0.704,0.0,-5.154,0.044,101.005
339,yojam4kpfre3ozvia2n73cduw,Various Artists,65,0.552,0.585,0.45,3.22e-05,-9.768,0.0522,105.108
340,yojam4kpfre3ozvia2n73cduw,Blue Swede,75,0.547,0.261,0.82,0.0,-6.728,0.0805,118.208
341,yojam4kpfre3ozvia2n73cduw,Raspberries,64,0.305,0.548,0.849,0.000134,-4.892,0.0999,134.287
342,yojam4kpfre3ozvia2n73cduw,Norman Greenbaum,0,0.606,0.0384,0.584,0.00592,-8.042,0.0319,128.542
343,yojam4kpfre3ozvia2n73cduw,David Bowie,40,0.528,0.0199,0.577,0.000703,-11.962,0.0322,144.444
344,yojam4kpfre3ozvia2n73cduw,Various Artists,59,0.634,0.0427,0.796,0.0309,-6.374,0.031,113.475
345,yojam4kpfre3ozvia2n73cduw,Various Artists,61,0.446,0.565,0.587,0.000478,-6.634,0.0413,128.908
346,yojam4kpfre3ozvia2n73cduw,Various Artists,44,0.576,0.855,0.316,2.38e-05,-12.538,0.114,117.339
347,yojam4kpfre3ozvia2n73cduw,Various Artists,49,0.605,0.914,0.12,0.000121,-19.405,0.133,84.852
348,yojam4kpfre3ozvia2n73cduw,Various Artists,69,0.62,0.597,0.496,1.36e-05,-7.509,0.133,126.032
349,yojam4kpfre3ozvia2n73cduw,Various Artists,58,0.613,0.864,0.478,0.0,-6.01,0.311,115.551
350,yojam4kpfre3ozvia2n73cduw,Various Artists,70,0.566,0.613,0.543,0.0,-4.485,0.0314,89.937
351,yojam4kpfre3ozvia2n73cduw,Randy Newman,57,0.698,0.82,0.301,2.16e-06,-13.063,0.03,115.643
352,yojam4kpfre3ozvia2n73cduw,James Newton Howard,70,0.546,0.477,0.704,0.0,-5.154,0.044,101.005
353,yojam4kpfre3ozvia2n73cduw,Christina Aguilera,64,0.35,0.444,0.636,0.0,-8.158,0.0746,95.162
354,yojam4kpfre3ozvia2n73cduw,Various Artists,76,0.323,0.849,0.405,0.000544,-8.533,0.0413,145.104
355,yojam4kpfre3ozvia2n73cduw,Various Artists,60,0.271,0.337,0.405,0.123,-10.839,0.0379,109.041
356,yojam4kpfre3ozvia2n73cduw,Various Artists,62,0.283,0.909,0.203,0.000661,-11.228,0.0342,84.656
357,yojam4kpfre3ozvia2n73cduw,Various Artists,68,0.707,0.743,0.656,0.0,-9.279,0.173,118.037
358,yojam4kpfre3ozvia2n73cduw,Various Artists,74,0.571,0.649,0.307,0.0,-10.958,0.0499,83.72
359,yojam4kpfre3ozvia2n73cduw,Various Artists,66,0.689,0.36,0.578,0.0,-8.737,0.0368,98.043
360,yojam4kpfre3ozvia2n73cduw,Edgar Winter,60,0.674,0.29,0.686,0.00322,-11.927,0.0597,124.204
361,yojam4kpfre3ozvia2n73cduw,Elvis Presley,0,0.673,0.0894,0.787,0.00701,-9.664,0.0281,143.492
362,yojam4kpfre3ozvia2n73cduw,The Jackson 5,0,0.674,0.466,0.584,0.00195,-8.204,0.0318,98.293
363,yojam4kpfre3ozvia2n73cduw,Steppenwolf,0,0.488,0.205,0.782,0.666,-8.866,0.0691,146.023
364,yojam4kpfre3ozvia2n73cduw,Parliament,62,0.717,0.0659,0.665,0.0,-9.503,0.0523,105.693
365,yojam4kpfre3ozvia2n73cduw,Koryn Hawthorne,41,0.212,0.203,0.438,0.0,-8.271,0.0317,180.988
366,yojam4kpfre3ozvia2n73cduw,Phil Wickham,54,0.375,0.00125,0.798,0.0,-5.495,0.0497,161.794
367,yojam4kpfre3ozvia2n73cduw,Terrian,21,0.387,0.343,0.485,0.0,-8.052,0.0372,85.484
368,yojam4kpfre3ozvia2n73cduw,Austin French,38,0.594,0.18,0.52,0.0,-6.718,0.0513,157.832
369,yojam4kpfre3ozvia2n73cduw,Josh Baldwin,0,0.596,0.00887,0.885,0.0,-4.615,0.0393,103.99
370,yojam4kpfre3ozvia2n73cduw,Justin Bieber,61,0.646,0.181,0.634,5.65e-05,-5.689,0.0538,139.93
371,yojam4kpfre3ozvia2n73cduw,Justin Bieber,65,0.389,0.82,0.261,5.72e-05,-10.189,0.0343,113.922
372,yojam4kpfre3ozvia2n73cduw,Elyssa Smith,55,0.492,0.293,0.554,1.72e-05,-8.02,0.0307,135.984
373,yojam4kpfre3ozvia2n73cduw,Cody Carnes,53,0.417,0.0716,0.608,0.0,-8.239,0.038,144.007
374,yojam4kpfre3ozvia2n73cduw,Zach Williams,49,0.421,0.397,0.438,0.121,-7.748,0.0284,82.942
375,yojam4kpfre3ozvia2n73cduw,Ed Sheeran,85,0.641,0.698,0.324,0.0,-5.851,0.0299,110.184
376,yojam4kpfre3ozvia2n73cduw,Ed Sheeran,82,0.798,0.0912,0.675,0.0,-5.041,0.0442,101.956
377,yojam4kpfre3ozvia2n73cduw,Ed Sheeran,85,0.825,0.581,0.652,0.0,-3.183,0.0802,95.977
378,yojam4kpfre3ozvia2n73cduw,Ed Sheeran,80,0.64,0.124,0.648,0.0,-8.113,0.187,92.977
379,yojam4kpfre3ozvia2n73cduw,Ed Sheeran,76,0.642,0.669,0.289,0.0,-9.918,0.0367,84.996
380,yojam4kpfre3ozvia2n73cduw,Ed Sheeran,85,0.641,0.698,0.324,0.0,-5.851,0.0299,110.184
381,yojam4kpfre3ozvia2n73cduw,Ed Sheeran,76,0.64,0.124,0.647,0.0,-8.114,0.186,92.979
382,yojam4kpfre3ozvia2n73cduw,Ed Sheeran,78,0.857,0.148,0.621,0.0,-6.376,0.0825,97.989
383,yojam4kpfre3ozvia2n73cduw,Ed Sheeran,63,0.746,0.212,0.787,0.0,-6.373,0.12,95.005
384,yojam4kpfre3ozvia2n73cduw,Ed Sheeran,70,0.885,0.219,0.762,0.0,-5.513,0.216,138.058
385,yojam4kpfre3ozvia2n73cduw,Ed Sheeran,78,0.461,0.0232,0.834,1.14e-05,-4.868,0.0989,135.007
386,yojam4kpfre3ozvia2n73cduw,Ed Sheeran,74,0.761,0.355,0.386,0.0,-6.158,0.0399,134.943
387,yojam4kpfre3ozvia2n73cduw,Ed Sheeran,86,0.599,0.163,0.448,0.0,-6.312,0.0232,95.05
388,yojam4kpfre3ozvia2n73cduw,Ed Sheeran,81,0.522,0.536,0.385,0.0,-7.355,0.0288,89.792
389,yojam4kpfre3ozvia2n73cduw,Ed Sheeran,67,0.604,0.719,0.366,0.0,-7.881,0.0267,105.177
390,yojam4kpfre3ozvia2n73cduw,Kuwada,66,0.777,0.764,0.635,2.25e-06,-6.323,0.0392,138.04
391,yojam4kpfre3ozvia2n73cduw,Phum Viphurit,57,0.84,0.589,0.495,0.552,-9.54,0.0406,125.993
392,yojam4kpfre3ozvia2n73cduw,Sun Rai,61,0.877,0.224,0.542,0.132,-9.102,0.0419,111.474
393,yojam4kpfre3ozvia2n73cduw,Khalid,73,0.9,0.0501,0.4,0.0,-8.443,0.124,136.001
394,yojam4kpfre3ozvia2n73cduw,Jye,32,0.763,0.946,0.146,1.44e-06,-13.375,0.0379,98.056
